Sector_score,Score_A,Score_MV,PROB,Prob,Inherent_Risk,CONTROL_RISK,Audit_Risk,Risk
3.89,0.6,0.2,0.2,0.2,8.574,0.4,1.7148,1
3.89,0.2,0.2,0.2,0.2,2.554,0.4,0.5108,0
3.89,0.2,0.2,0.2,0.2,1.548,0.4,0.3096,0
3.89,0.2,0.6,0.2,0.2,17.53,0.4,3.506,1
3.89,0.2,0.2,0.2,0.2,1.416,0.4,0.2832,0
3.89,0.2,0.2,0.2,0.2,2.156,0.4,0.4312,0
3.89,0.4,0.6,0.2,0.2,31.774,0.4,6.3548,1
3.89,0.6,0.4,0.2,0.2,18.034,0.4,3.6068,1
3.89,0.6,0.4,0.2,0.2,17.206,0.4,3.4412,1
3.89,0.6,0.2,0.2,0.2,4.372,0.4,0.8744,0
3.89,0.6,0.2,0.2,0.2,12.004,0.4,2.4008,1
3.89,0.6,0.2,0.4,0.4,35.704,1.2,21.4224,1
3.89,0.6,0.6,0.2,0.4,14.392,0.8,5.7568,1
3.89,0.4,0.2,0.2,0.2,1.906,0.4,0.3812,0
3.89,0.2,0.2,0.2,0.2,1.5694,0.4,0.31388,0
3.89,0.4,0.4,0.2,0.2,9.384,0.4,1.8768,1
3.89,0.6,0.6,0.2,0.4,50.67,0.8,20.268,1
3.89,0.6,0.6,0.2,0.2,14.492,0.4,2.8984,1
3.89,0.4,0.2,0.2,0.2,2.33,0.4,0.466,0
3.89,0.6,0.6,0.2,0.2,71.492,0.4,14.2984,1
3.89,0.6,0.6,0.2,0.4,34.56,0.8,13.824,1
3.89,0.2,0.2,0.2,0.2,3.782,0.4,0.7564,0
3.89,0.6,0.6,0.2,0.4,141.774,0.8,56.7096,1
3.89,0.2,0.2,0.2,0.2,1.61,0.4,0.322,0
3.89,0.6,0.6,0.2,0.2,46.316,0.4,9.2632,1
3.89,0.6,0.2,0.2,0.2,6.55,0.4,1.31,1
3.89,0.2,0.2,0.2,0.2,1.6214,0.4,0.32428,0
3.89,0.6,0.2,0.2,0.2,24.858,0.4,4.9716,1
3.89,0.2,0.2,0.2,0.2,1.606,0.4,0.3212,0
3.89,0.2,0.4,0.2,0.2,4.262,0.4,0.8524,0
3.89,0.6,0.2,0.2,0.2,13.05,0.4,2.61,1
3.89,0.2,0.6,0.2,0.2,92.856,0.4,18.5712,1
3.89,0.2,0.2,0.2,0.2,1.968,0.4,0.3936,0
3.89,0.2,0.2,0.2,0.2,2.562,0.4,0.5124,0
3.89,0.2,0.2,0.2,0.2,1.486,0.4,0.2972,0
3.89,0.2,0.2,0.2,0.2,1.768,0.4,0.3536,0
3.89,0.6,0.4,0.2,0.2,22.566,0.4,4.5132,1
3.89,0.2,0.2,0.2,0.2,1.41,0.4,0.282,0
3.89,0.6,0.6,0.2,0.2,46.718,0.4,9.3436,1
3.89,0.6,0.6,0.2,0.2,577.508,0.4,115.5016,1
3.89,0.2,0.6,0.2,0.2,19.92,0.4,3.984,1
3.89,0.2,0.2,0.2,0.2,1.95,0.4,0.39,0
3.89,0.2,0.2,0.2,0.2,2.378,0.4,0.4756,0
3.89,0.2,0.2,0.2,0.2,1.4,0.4,0.28,0
3.89,0.4,0.2,0.2,0.2,1.94,0.4,0.388,0
3.89,0.2,0.2,0.2,0.2,2.092,0.4,0.4184,0
3.89,0.2,0.6,0.2,0.2,86.306,0.4,17.2612,1
3.89,0.2,0.2,0.2,0.2,1.604,0.4,0.3208,0
3.89,0.2,0.6,0.2,0.6,27.5,1.6,22.0,1
3.89,0.6,0.6,0.2,0.2,99.946,0.4,19.9892,1
3.89,0.4,0.6,0.6,0.2,10.782,1.2,6.4692,1
3.89,0.2,0.2,0.2,0.2,12.688,0.4,2.5376,1
3.89,0.2,0.4,0.2,0.2,4.698,0.4,0.9396,0
3.89,0.2,0.2,0.2,0.2,2.224,0.4,0.4448,0
3.89,0.6,0.4,0.2,0.2,12.12,0.4,2.424,1
3.89,0.2,0.2,0.2,0.2,1.642,0.4,0.3284,0
3.89,0.2,0.6,0.2,0.2,32.86,0.4,6.572,1
3.89,0.6,0.4,0.2,0.2,19.886,0.4,3.9772,1
3.89,0.6,0.2,0.2,0.6,19.604,1.6,15.6832,1
3.89,0.2,0.2,0.2,0.2,1.75,0.4,0.35,0
3.89,0.2,0.2,0.2,0.2,1.552,0.4,0.3104,0
3.89,0.4,0.2,0.2,0.2,1.914,0.4,0.3828,0
3.89,0.2,0.2,0.2,0.2,1.418,0.4,0.2836,0
3.89,0.2,0.6,0.2,0.2,11.05,0.4,2.21,1
3.89,0.6,0.2,0.2,0.4,12.59,0.8,5.036,1
3.89,0.6,0.6,0.2,0.4,139.88,0.8,55.952,1
3.89,0.2,0.2,0.2,0.2,1.414,0.4,0.2828,0
3.89,0.6,0.2,0.2,0.2,10.202,0.4,2.0404,1
3.89,0.4,0.2,0.2,0.2,1.828,0.4,0.3656,0
3.89,0.2,0.2,0.2,0.2,1.578,0.4,0.3156,0
3.89,0.2,0.6,0.2,0.2,36.8,0.4,7.36,1
3.89,0.6,0.6,0.2,0.6,61.652,2.2,67.8172,1
3.89,0.6,0.6,0.2,0.2,13.582,0.4,2.7164,1
3.89,0.6,0.4,0.2,0.2,54.514,0.4,10.9028,1
3.89,0.2,0.2,0.2,0.2,1.862,0.4,0.3724,0
3.89,0.6,0.6,0.2,0.2,16.29,0.4,3.258,1
3.89,0.2,0.6,0.2,0.4,48.438,0.8,19.3752,1
3.89,0.4,0.6,0.2,0.2,20.808,0.4,4.1616,1
3.89,0.2,0.6,0.2,0.2,63.984,0.4,12.7968,1
3.89,0.2,0.2,0.2,0.2,4.496,0.4,0.8992,0
3.89,0.2,0.2,0.2,0.6,7.544,5.8,21.8776,1
3.89,0.6,0.6,0.2,0.2,583.688,0.4,116.7376,1
3.89,0.2,0.2,0.2,0.2,1.748,0.4,0.3496,0
3.89,0.2,0.2,0.2,0.2,1.516,0.4,0.3032,0
3.89,0.6,0.2,0.4,0.6,52.012,2.0,52.012,1
3.89,0.2,0.2,0.2,0.2,1.582,0.4,0.3164,0
3.89,0.2,0.6,0.2,0.2,25.172,0.8,10.0688,1
3.89,0.6,0.4,0.2,0.2,49.076,0.8,19.6304,1
3.89,0.6,0.6,0.2,0.2,18.766,0.8,7.5064,1
3.89,0.6,0.6,0.2,0.2,16.32,0.8,6.528,1
3.89,0.4,0.2,0.2,0.2,2.3,0.8,0.92,0
3.89,0.2,0.2,0.2,0.2,1.97,0.8,0.788,0
3.89,0.6,0.6,0.2,0.2,55.47,1.2,33.282,1
3.89,0.6,0.2,0.2,0.4,31.828,1.6,25.4624,1
3.89,0.2,0.2,0.2,0.2,2.228,1.2,1.3368,1
3.89,0.4,0.2,0.2,0.2,10.87,1.2,6.522,1
3.89,0.2,0.4,0.2,0.2,4.976,1.2,2.9856,1
3.89,0.2,0.2,0.2,0.2,2.684,1.2,1.6104,1
3.89,0.6,0.6,0.2,0.2,28.552,1.2,17.1312,1
3.89,0.4,0.2,0.2,0.2,2.772,1.2,1.6632,1
3.89,0.2,0.2,0.2,0.2,2.42,1.2,1.452,1
3.89,0.6,0.4,0.2,0.4,7.264,0.8,2.9056,1
3.89,0.2,0.2,0.2,0.2,1.776,0.4,0.3552,0
3.89,0.2,0.6,0.2,0.2,52.758,0.4,10.5516,1
3.89,0.6,0.6,0.2,0.2,18.534,0.4,3.7068,1
3.89,0.6,0.6,0.2,0.4,40.848,0.8,16.3392,1
3.89,0.6,0.6,0.2,0.2,73.736,0.4,14.7472,1
3.89,0.4,0.2,0.2,0.2,1.872,0.4,0.3744,0
3.89,0.2,0.2,0.2,0.2,1.412,0.4,0.2824,0
3.89,0.6,0.2,0.2,0.2,3.488,0.4,0.6976,0
3.89,0.2,0.2,0.2,0.2,1.574,0.4,0.3148,0
3.89,0.6,0.6,0.2,0.4,54.384,0.8,21.7536,1
3.89,0.2,0.2,0.2,0.2,1.446,0.4,0.2892,0
3.41,0.6,0.4,0.2,0.2,35.736,0.4,7.1472,1
3.41,0.4,0.6,0.2,0.4,46.842,0.8,18.7368,1
3.41,0.4,0.6,0.2,0.2,40.604,0.4,8.1208,1
3.41,0.4,0.6,0.2,0.2,63.826,0.4,12.7652,1
3.41,0.6,0.2,0.2,0.2,7.974,0.4,1.5948,1
3.41,0.4,0.6,0.2,0.6,61.028,2.2,67.1308,1
3.41,0.6,0.6,0.2,0.2,66.782,0.4,13.3564,1
3.41,0.4,0.6,0.6,0.2,32.29,1.2,19.374,1
3.41,0.4,0.6,0.2,0.4,55.812,0.8,22.3248,1
3.41,0.6,0.6,0.2,0.2,32.126,0.4,6.4252,1
3.41,0.4,0.6,0.2,0.2,14.754,0.4,2.9508,1
3.41,0.6,0.6,0.2,0.6,57.286,2.4,68.7432,1
3.41,0.6,0.6,0.2,0.4,56.042,1.6,44.8336,1
3.41,0.6,0.6,0.2,0.4,27.636,0.8,11.0544,1
3.41,0.6,0.4,0.2,0.2,51.606,0.4,10.3212,1
3.41,0.6,0.6,0.2,0.2,42.128,0.4,8.4256,1
3.41,0.6,0.6,0.2,0.2,72.956,0.4,14.5912,1
3.41,0.6,0.4,0.2,0.2,9.152,0.4,1.8304,1
3.41,0.2,0.6,0.2,0.2,26.388,0.4,5.2776,1
3.41,0.4,0.2,0.2,0.2,20.474,0.4,4.0948,1
3.41,0.6,0.4,0.2,0.2,39.22,0.4,7.844,1
3.41,0.6,0.6,0.2,0.2,42.728,0.4,8.5456,1
3.41,0.4,0.6,0.2,0.2,35.462,0.4,7.0924,1
3.41,0.6,0.6,0.2,0.2,40.334,0.4,8.0668,1
3.41,0.6,0.6,0.2,0.2,84.726,0.8,33.8904,1
3.41,0.6,0.6,0.2,0.2,43.494,0.8,17.3976,1
3.41,0.6,0.6,0.2,0.2,41.936,0.4,8.3872,1
3.41,0.6,0.4,0.2,0.4,63.144,0.8,25.2576,1
3.41,0.6,0.6,0.2,0.2,45.134,0.4,9.0268,1
3.41,0.6,0.6,0.4,0.2,73.434,0.8,29.3736,1
3.41,0.6,0.6,0.2,0.6,71.666,1.6,57.3328,1
3.41,0.4,0.4,0.2,0.2,24.446,0.4,4.8892,1
3.41,0.4,0.2,0.2,0.2,30.272,0.4,6.0544,1
3.41,0.4,0.6,0.2,0.2,48.354,0.4,9.6708,1
3.41,0.4,0.6,0.2,0.2,76.258,0.4,15.2516,1
3.41,0.6,0.2,0.2,0.2,19.372,0.4,3.8744,1
3.41,0.4,0.4,0.2,0.2,24.81,0.4,4.962,1
3.41,0.6,0.6,0.4,0.2,37.878,0.8,15.1512,1
3.41,0.6,0.6,0.2,0.2,60.338,0.4,12.0676,1
3.41,0.6,0.6,0.2,0.4,55.296,0.8,22.1184,1
3.41,0.4,0.6,0.2,0.2,29.39,0.4,5.878,1
3.41,0.6,0.6,0.2,0.2,49.418,0.4,9.8836,1
3.41,0.6,0.6,0.2,0.2,45.586,0.4,9.1172,1
3.41,0.6,0.6,0.2,0.2,106.636,0.4,21.3272,1
3.41,0.6,0.6,0.2,0.2,55.964,0.4,11.1928,1
3.41,0.6,0.6,0.2,0.2,38.978,0.4,7.7956,1
3.41,0.6,0.6,0.2,0.2,82.226,0.4,16.4452,1
3.41,0.6,0.6,0.2,0.2,26.366,0.4,5.2732,1
3.41,0.6,0.2,0.2,0.2,5.884,0.4,1.1768,1
3.41,0.6,0.2,0.2,0.2,17.584,0.4,3.5168,1
3.41,0.2,0.6,0.4,0.2,84.122,0.8,33.6488,1
3.41,0.6,0.4,0.2,0.2,17.322,0.4,3.4644,1
3.41,0.6,0.4,0.2,0.4,57.708,0.8,23.0832,1
3.41,0.6,0.6,0.2,0.2,52.79,0.4,10.558,1
3.41,0.6,0.2,0.2,0.2,39.788,0.4,7.9576,1
3.41,0.6,0.6,0.2,0.4,69.042,0.8,27.6168,1
3.41,0.4,0.6,0.4,0.2,113.392,0.8,45.3568,1
3.41,0.4,0.6,0.2,0.2,7.84,0.4,1.568,1
3.41,0.4,0.2,0.2,0.2,2.628,1.2,1.5768,1
3.41,0.4,0.2,0.2,0.2,1.804,0.4,0.3608,0
3.41,0.2,0.2,0.2,0.2,1.586,0.4,0.3172,0
3.41,0.6,0.2,0.2,0.2,3.806,0.4,0.7612,0
3.41,0.2,0.2,0.2,0.2,1.618,0.4,0.3236,0
3.41,0.4,0.2,0.2,0.2,1.82,0.4,0.364,0
3.41,0.4,0.2,0.2,0.2,1.86,0.4,0.372,0
3.41,0.2,0.2,0.2,0.2,1.582,0.4,0.3164,0
3.41,0.4,0.2,0.2,0.2,1.848,0.4,0.3696,0
3.41,0.2,0.2,0.2,0.2,1.596,0.4,0.3192,0
3.41,0.2,0.2,0.2,0.2,1.53,0.4,0.306,0
3.41,0.2,0.2,0.2,0.2,1.526,0.4,0.3052,0
3.41,0.2,0.2,0.2,0.2,1.486,0.4,0.2972,0
3.41,0.4,0.2,0.2,0.2,1.884,0.4,0.3768,0
3.41,0.2,0.2,0.2,0.2,1.434,0.4,0.2868,0
3.41,0.2,0.2,0.2,0.2,1.8,0.8,0.72,0
3.41,0.2,0.2,0.2,0.2,1.4,0.4,0.28,0
3.41,0.2,0.2,0.2,0.2,1.414,0.4,0.2828,0
2.72,0.6,0.6,0.2,0.6,69.658,1.6,55.7264,1
2.72,0.6,0.2,0.2,0.2,5.564,0.4,1.1128,1
2.72,0.6,0.6,0.2,0.2,29.096,0.4,5.8192,1
2.72,0.6,0.4,0.2,0.2,7.382,0.4,1.4764,1
2.72,0.6,0.6,0.2,0.2,65.93,0.4,13.186,1
2.72,0.6,0.4,0.2,0.2,18.01,0.4,3.602,1
2.72,0.6,0.6,0.2,0.2,56.942,0.4,11.3884,1
2.72,0.6,0.2,0.2,0.2,19.166,0.4,3.8332,1
2.72,0.6,0.2,0.2,0.2,6.92,0.4,1.384,1
2.72,0.6,0.6,0.2,0.2,88.832,0.4,17.7664,1
2.72,0.4,0.6,0.2,0.2,24.722,0.4,4.9444,1
2.72,0.6,0.2,0.2,0.2,3.764,0.4,0.7528,0
2.72,0.6,0.6,0.2,0.2,70.646,0.4,14.1292,1
2.72,0.6,0.4,0.2,0.4,81.09,0.8,32.436,1
2.72,0.6,0.4,0.2,0.2,30.434,0.4,6.0868,1
2.72,0.6,0.2,0.2,0.2,6.418,1.2,3.8508,1
2.72,0.6,0.6,0.4,0.4,102.946,1.2,61.7676,1
2.72,0.6,0.6,0.2,0.2,69.218,0.4,13.8436,1
2.72,0.4,0.6,0.2,0.2,35.798,0.4,7.1596,1
2.72,0.6,0.4,0.2,0.2,15.166,0.4,3.0332,1
2.72,0.4,0.2,0.2,0.2,2.156,0.4,0.4312,0
2.72,0.6,0.6,0.2,0.2,45.614,0.4,9.1228,1
2.72,0.6,0.6,0.2,0.2,114.992,0.4,22.9984,1
2.72,0.6,0.2,0.2,0.2,36.092,0.4,7.2184,1
2.72,0.6,0.6,0.2,0.2,64.024,0.4,12.8048,1
2.72,0.4,0.2,0.2,0.2,2.002,0.4,0.4004,0
2.72,0.6,0.6,0.2,0.2,84.032,0.4,16.8064,1
2.72,0.4,0.6,0.2,0.2,12.358,0.4,2.4716,1
2.72,0.6,0.6,0.2,0.2,143.21,0.8,57.284,1
2.72,0.6,0.6,0.4,0.2,85.596,0.8,34.2384,1
2.72,0.6,0.4,0.2,0.2,8.938,0.8,3.5752,1
2.72,0.6,0.6,0.2,0.2,118.404,0.8,47.3616,1
2.72,0.4,0.2,0.2,0.2,2.614,0.8,1.0456,1
2.72,0.6,0.4,0.2,0.2,23.914,0.8,9.5656,1
2.72,0.6,0.6,0.2,0.2,19.878,0.8,7.9512,1
2.72,0.6,0.6,0.2,0.2,123.632,0.4,24.7264,1
2.72,0.6,0.6,0.2,0.2,113.146,0.4,22.6292,1
2.72,0.6,0.6,0.2,0.2,49.052,0.4,9.8104,1
2.72,0.6,0.6,0.2,0.2,19.89,0.4,3.978,1
2.72,0.4,0.6,0.2,0.2,23.462,0.4,4.6924,1
2.72,0.6,0.6,0.2,0.2,108.362,0.4,21.6724,1
2.72,0.6,0.6,0.2,0.2,58.118,0.4,11.6236,1
2.72,0.6,0.2,0.2,0.2,2.948,0.4,0.5896,0
2.72,0.6,0.2,0.2,0.2,13.164,0.4,2.6328,1
2.72,0.4,0.2,0.2,0.2,2.412,0.4,0.4824,0
2.72,0.6,0.6,0.2,0.4,114.96,0.8,45.984,1
2.72,0.6,0.6,0.2,0.4,97.656,0.8,39.0624,1
2.72,0.6,0.6,0.2,0.4,68.508,0.8,27.4032,1
2.72,0.6,0.6,0.2,0.2,50.552,0.4,10.1104,1
2.72,0.6,0.4,0.2,0.2,28.868,0.4,5.7736,1
2.72,0.6,0.6,0.2,0.2,39.206,0.4,7.8412,1
2.72,0.6,0.6,0.2,0.6,801.262,2.4,961.5144,1
2.72,0.6,0.4,0.4,0.2,29.986,2.4,35.9832,1
2.72,0.6,0.6,0.2,0.2,18.126,1.2,10.8756,1
2.72,0.6,0.4,0.2,0.2,4.812,0.4,0.9624,0
2.72,0.6,0.6,0.2,0.2,93.028,0.4,18.6056,1
2.72,0.4,0.6,0.2,0.2,84.238,0.4,16.8476,1
2.72,0.4,0.6,0.2,0.2,412.624,0.4,82.5248,1
2.72,0.4,0.2,0.2,0.2,1.998,0.4,0.3996,0
2.72,0.4,0.2,0.2,0.2,2.004,0.4,0.4008,0
2.72,0.4,0.2,0.2,0.2,1.852,0.4,0.3704,0
2.72,0.4,0.2,0.2,0.2,2.288,0.4,0.4576,0
2.72,0.2,0.2,0.2,0.2,1.592,0.4,0.3184,0
2.72,0.4,0.2,0.2,0.2,2.04,0.4,0.408,0
2.72,0.4,0.2,0.2,0.2,2.336,0.8,0.9344,0
2.72,0.4,0.2,0.2,0.2,2.052,0.4,0.4104,0
2.72,0.4,0.2,0.2,0.2,1.856,0.4,0.3712,0
2.72,0.2,0.2,0.2,0.2,1.4,0.4,0.28,0
2.72,0.2,0.2,0.2,0.2,2.474,0.4,0.4948,0
2.72,0.4,0.2,0.2,0.2,1.82,0.4,0.364,0
2.72,0.2,0.6,0.2,0.2,19.91,0.4,3.982,1
2.72,0.2,0.2,0.2,0.2,1.8,0.8,0.72,0
2.72,0.2,0.4,0.2,0.2,4.852,0.4,0.9704,0
2.72,0.2,0.2,0.2,0.2,1.57,0.4,0.314,0
2.72,0.2,0.2,0.2,0.2,1.456,0.4,0.2912,0
2.72,0.2,0.2,0.2,0.2,1.536,0.4,0.3072,0
2.72,0.2,0.2,0.2,0.2,1.524,0.4,0.3048,0
2.37,0.6,0.6,0.4,0.4,35.444,1.2,21.2664,1
2.37,0.4,0.2,0.2,0.2,6.306,0.4,1.2612,1
2.37,0.6,0.6,0.2,0.2,14.3,1.2,8.58,1
2.37,0.6,0.2,0.2,0.2,4.974,0.4,0.9948,0
2.37,0.6,0.6,0.2,0.6,21.878,3.4,37.1926,1
2.37,0.6,0.2,0.2,0.2,6.538,0.4,1.3076,1
2.37,0.6,0.2,0.2,0.2,6.648,0.4,1.3296,1
2.37,0.4,0.2,0.2,0.2,2.432,0.4,0.4864,0
2.37,0.6,0.2,0.2,0.2,3.342,0.4,0.6684,0
2.37,0.6,0.4,0.2,0.4,10.034,0.8,4.0136,1
2.37,0.6,0.4,0.2,0.2,12.566,0.4,2.5132,1
2.37,0.6,0.4,0.4,0.6,8.608,2.0,8.608,1
2.37,0.4,0.4,0.2,0.2,7.758,0.4,1.5516,1
2.37,0.4,0.4,0.2,0.4,10.782,0.8,4.3128,1
2.37,0.6,0.2,0.2,0.2,7.952,0.4,1.5904,1
2.37,0.6,0.4,0.2,0.4,7.32,0.8,2.928,1
2.37,0.6,0.2,0.2,0.2,11.648,0.8,4.6592,1
2.37,0.6,0.4,0.2,0.2,7.86,0.4,1.572,1
2.37,0.6,0.6,0.2,0.4,20.94,0.8,8.376,1
2.37,0.2,0.2,0.2,0.2,1.66,0.4,0.332,0
2.37,0.2,0.2,0.2,0.2,4.686,0.4,0.9372,0
2.37,0.4,0.2,0.2,0.2,2.068,0.4,0.4136,0
2.37,0.4,0.6,0.2,0.2,18.858,0.4,3.7716,1
2.37,0.4,0.2,0.2,0.2,2.558,0.4,0.5116,0
2.37,0.6,0.4,0.2,0.2,5.716,0.4,1.1432,1
2.37,0.2,0.6,0.2,0.2,18.552,1.2,11.1312,1
2.37,0.4,0.2,0.2,0.2,3.948,1.2,2.3688,1
2.37,0.2,0.2,0.2,0.2,1.622,0.4,0.3244,0
2.37,0.4,0.2,0.2,0.2,2.24,0.4,0.448,0
2.37,0.2,0.2,0.2,0.2,1.538,0.4,0.3076,0
2.37,0.4,0.2,0.2,0.2,1.946,0.4,0.3892,0
2.37,0.4,0.2,0.2,0.2,1.966,0.4,0.3932,0
2.37,0.2,0.2,0.2,0.2,1.586,0.4,0.3172,0
2.37,0.4,0.2,0.2,0.2,2.228,0.4,0.4456,0
2.37,0.2,0.2,0.2,0.2,1.724,0.4,0.3448,0
2.37,0.2,0.2,0.2,0.2,2.648,0.8,1.0592,1
2.37,0.2,0.2,0.2,0.2,4.89,0.4,0.978,0
2.37,0.2,0.2,0.2,0.2,1.572,0.4,0.3144,0
2.37,0.2,0.2,0.2,0.2,1.596,0.4,0.3192,0
2.37,0.2,0.2,0.2,0.2,1.566,0.4,0.3132,0
2.37,0.6,0.2,0.2,0.2,3.632,0.4,0.7264,0
2.37,0.2,0.4,0.2,0.2,5.054,1.2,3.0324,1
2.37,0.2,0.2,0.2,0.2,2.302,1.2,1.3812,1
2.37,0.2,0.2,0.2,0.2,1.41,0.4,0.282,0
2.37,0.2,0.2,0.2,0.2,1.6,0.4,0.32,0
2.37,0.2,0.2,0.2,0.2,2.252,0.4,0.4504,0
2.37,0.2,0.2,0.2,0.2,1.486,0.4,0.2972,0
2.37,0.2,0.4,0.2,0.2,4.812,1.2,2.8872,1
2.37,0.2,0.2,0.2,0.2,2.2,1.2,1.32,1
2.37,0.4,0.2,0.2,0.2,2.542,0.4,0.5084,0
2.37,0.4,0.2,0.2,0.2,2.146,0.4,0.4292,0
2.37,0.4,0.2,0.2,0.2,2.222,0.4,0.4444,0
2.37,0.6,0.2,0.2,0.2,3.694,1.2,2.2164,1
2.37,0.6,0.6,0.2,0.2,30.316,1.2,18.1896,1
2.37,0.2,0.2,0.2,0.2,2.42,1.2,1.452,1
2.37,0.2,0.2,0.2,0.2,1.654,0.4,0.3308,0
2.37,0.4,0.2,0.2,0.2,1.942,0.4,0.3884,0
2.37,0.4,0.2,0.2,0.2,2.322,0.4,0.4644,0
2.37,0.2,0.2,0.2,0.2,1.4,0.4,0.28,0
2.37,0.2,0.2,0.2,0.2,1.414,0.4,0.2828,0
2.37,0.2,0.2,0.2,0.2,1.444,0.4,0.2888,0
2.37,0.2,0.2,0.2,0.2,1.418,0.4,0.2836,0
2.37,0.2,0.2,0.2,0.2,1.4034,0.4,0.28068,0
2.37,0.2,0.2,0.2,0.2,1.442,0.4,0.2884,0
2.37,0.4,0.2,0.2,0.2,3.092,1.2,1.8552,1
2.37,0.2,0.2,0.2,0.2,2.308,1.2,1.3848,1
2.37,0.2,0.2,0.2,0.2,2.682,1.2,1.6092,1
2.37,0.2,0.2,0.2,0.2,2.246,1.2,1.3476,1
1.99,0.6,0.6,0.2,0.2,622.838,0.4,124.5676,1
1.99,0.2,0.2,0.2,0.2,1.516,0.4,0.3032,0
1.99,0.4,0.4,0.2,0.2,4.792,0.4,0.9584,0
1.99,0.2,0.2,0.2,0.2,1.97,0.4,0.394,0
1.99,0.4,0.2,0.2,0.2,1.876,0.4,0.3752,0
1.99,0.2,0.2,0.2,0.2,1.972,0.4,0.3944,0
1.99,0.2,0.2,0.2,0.2,1.608,0.4,0.3216,0
1.99,0.4,0.2,0.2,0.2,2.156,0.4,0.4312,0
1.99,0.4,0.2,0.2,0.2,2.102,0.4,0.4204,0
1.99,0.2,0.2,0.2,0.2,1.46,0.4,0.292,0
1.99,0.2,0.4,0.2,0.2,4.544,0.4,0.9088,0
1.99,0.2,0.4,0.2,0.2,5.372,0.4,1.0744,1
1.99,0.4,0.2,0.2,0.2,1.904,0.4,0.3808,0
1.99,0.2,0.2,0.2,0.2,1.644,0.4,0.3288,0
1.99,0.2,0.2,0.2,0.2,1.47,0.4,0.294,0
1.99,0.4,0.2,0.2,0.2,2.462,0.4,0.4924,0
1.99,0.4,0.2,0.2,0.2,1.936,0.4,0.3872,0
1.99,0.2,0.2,0.2,0.2,1.862,0.4,0.3724,0
1.99,0.2,0.2,0.2,0.2,2.372,1.2,1.4232,1
1.99,0.4,0.2,0.2,0.2,2.848,1.2,1.7088,1
1.99,0.6,0.2,0.2,0.2,4.012,1.2,2.4072,1
1.99,0.2,0.2,0.2,0.2,2.318,1.2,1.3908,1
1.99,0.4,0.2,0.2,0.2,1.84,0.4,0.368,0
1.99,0.4,0.6,0.2,0.2,18.18,0.4,3.636,1
1.99,0.2,0.2,0.2,0.2,1.678,0.4,0.3356,0
1.99,0.2,0.2,0.2,0.2,1.59,0.4,0.318,0
1.99,0.4,0.6,0.2,0.2,107.448,0.4,21.4896,1
1.99,0.2,0.6,0.2,0.2,9.61,0.4,1.922,1
1.99,0.4,0.2,0.2,0.2,2.062,0.4,0.4124,0
1.99,0.4,0.2,0.2,0.2,1.96,0.4,0.392,0
1.99,0.4,0.6,0.2,0.2,26.948,0.4,5.3896,1
1.99,0.2,0.2,0.2,0.2,1.49,0.4,0.298,0
1.99,0.2,0.2,0.2,0.2,1.52,0.4,0.304,0
1.99,0.2,0.2,0.2,0.2,1.57,0.4,0.314,0
1.99,0.4,0.6,0.2,0.2,19.732,0.4,3.9464,1
1.99,0.4,0.2,0.2,0.2,1.914,0.4,0.3828,0
1.99,0.4,0.2,0.2,0.2,1.858,0.4,0.3716,0
1.99,0.4,0.2,0.2,0.2,2.418,0.8,0.9672,0
1.99,0.2,0.2,0.2,0.2,1.954,0.8,0.7816,0
1.99,0.2,0.2,0.2,0.2,1.912,0.8,0.7648,0
1.99,0.4,0.6,0.2,0.2,53.606,0.8,21.4424,1
1.99,0.2,0.2,0.2,0.2,1.896,0.8,0.7584,0
1.99,0.4,0.2,0.2,0.2,1.984,0.4,0.3968,0
1.99,0.4,0.6,0.2,0.2,8.436,0.4,1.6872,1
1.99,0.4,0.2,0.2,0.2,2.044,0.4,0.4088,0
1.99,0.2,0.2,0.2,0.2,1.4,0.4,0.28,0
1.85,0.6,0.6,0.2,0.2,118.85,0.4,23.77,1
1.85,0.6,0.2,0.2,0.2,3.644,0.4,0.7288,0
1.85,0.6,0.2,0.4,0.2,7.054,0.8,2.8216,1
1.85,0.2,0.2,0.2,0.2,2.378,0.4,0.4756,0
1.85,0.2,0.2,0.2,0.2,2.536,0.8,1.0144,1
1.85,0.6,0.2,0.2,0.2,10.58,0.8,4.232,1
1.85,0.6,0.2,0.2,0.2,3.79,0.8,1.516,1
1.85,0.6,0.2,0.2,0.2,6.72,0.8,2.688,1
1.85,0.2,0.2,0.2,0.2,1.4,0.4,0.28,0
1.85,0.2,0.2,0.4,0.2,2.816,1.6,2.2528,1
1.85,0.2,0.6,0.2,0.2,8.118,0.8,3.2472,1
1.85,0.6,0.2,0.2,0.2,9.538,0.4,1.9076,1
1.85,0.6,0.2,0.2,0.2,8.172,1.2,4.9032,1
1.85,0.2,0.2,0.2,0.2,1.452,0.4,0.2904,0
1.85,0.6,0.2,0.2,0.2,3.24,0.4,0.648,0
1.85,0.2,0.2,0.2,0.2,44.814,0.4,8.9628,1
1.85,0.6,0.2,0.2,0.2,3.206,0.4,0.6412,0
1.85,0.6,0.2,0.2,0.2,2.888,0.4,0.5776,0
1.85,0.6,0.2,0.2,0.2,7.482,0.4,1.4964,1
1.85,0.6,0.2,0.2,0.2,4.498,0.4,0.8996,0
1.85,0.6,0.2,0.2,0.2,3.05,0.4,0.61,0
1.85,0.6,0.2,0.2,0.2,5.788,0.4,1.1576,1
1.85,0.2,0.2,0.2,0.2,1.674,0.4,0.3348,0
1.85,0.6,0.2,0.2,0.2,15.208,1.2,9.1248,1
1.85,0.2,0.2,0.4,0.2,3.436,2.4,4.1232,1
1.85,0.6,0.2,0.4,0.2,7.088,2.4,8.5056,1
1.85,0.6,0.2,0.2,0.2,4.782,1.2,2.8692,1
1.85,0.6,0.6,0.2,0.2,15.578,1.2,9.3468,1
1.85,0.6,0.2,0.2,0.2,5.81,1.2,3.486,1
1.85,0.4,0.2,0.2,0.2,2.97,1.2,1.782,1
1.85,0.6,0.2,0.2,0.2,4.136,1.2,2.4816,1
1.85,0.2,0.2,0.4,0.2,3.408,2.4,4.0896,1
1.85,0.6,0.2,0.2,0.2,3.638,0.4,0.7276,0
1.85,0.2,0.2,0.2,0.4,2.118,0.8,0.8472,0
1.85,0.6,0.2,0.2,0.2,6.494,0.4,1.2988,1
1.85,0.6,0.2,0.2,0.2,8.016,0.4,1.6032,1
1.85,0.6,0.2,0.2,0.2,7.688,0.4,1.5376,1
1.85,0.2,0.2,0.2,0.2,1.74,0.4,0.348,0
1.85,0.6,0.2,0.2,0.2,3.164,0.4,0.6328,0
1.85,0.2,0.2,0.2,0.2,2.062,0.4,0.4124,0
1.85,0.2,0.2,0.2,0.2,2.076,0.4,0.4152,0
1.85,0.6,0.2,0.2,0.2,3.432,0.4,0.6864,0
1.85,0.6,0.2,0.2,0.2,7.296,0.4,1.4592,1
1.85,0.6,0.2,0.2,0.2,4.636,0.4,0.9272,0
1.85,0.6,0.2,0.2,0.2,6.074,0.4,1.2148,1
1.85,0.4,0.2,0.2,0.2,2.072,0.4,0.4144,0
1.85,0.6,0.2,0.2,0.2,3.168,0.4,0.6336,0
1.85,0.2,0.2,0.2,0.2,1.762,0.4,0.3524,0
1.85,0.2,0.2,0.2,0.2,1.944,0.4,0.3888,0
1.85,0.6,0.2,0.2,0.2,6.434,0.4,1.2868,1
1.85,0.4,0.2,0.2,0.2,2.396,0.4,0.4792,0
1.85,0.6,0.2,0.2,0.2,2.95,0.4,0.59,0
1.85,0.6,0.2,0.2,0.2,2.908,0.4,0.5816,0
1.85,0.4,0.2,0.2,0.2,2.612,0.4,0.5224,0
1.85,0.6,0.2,0.2,0.2,3.754,0.4,0.7508,0
1.85,0.6,0.2,0.2,0.2,3.754,0.4,0.7508,0
1.85,0.6,0.2,0.2,0.2,8.836,0.4,1.7672,1
1.85,0.6,0.2,0.2,0.2,4.522,0.4,0.9044,0
1.85,0.6,0.2,0.2,0.2,6.99,0.4,1.398,1
1.85,0.2,0.2,0.2,0.2,2.318,0.4,0.4636,0
1.85,0.6,0.2,0.2,0.2,5.808,0.4,1.1616,1
1.85,0.2,0.2,0.2,0.2,2.082,0.4,0.4164,0
1.85,0.6,0.2,0.2,0.2,4.52,0.4,0.904,0
1.85,0.4,0.2,0.2,0.2,2.686,1.2,1.6116,1
1.85,0.2,0.2,0.2,0.2,2.238,1.2,1.3428,1
1.85,0.2,0.2,0.2,0.2,1.564,0.4,0.3128,0
1.85,0.2,0.2,0.2,0.2,2.266,0.4,0.4532,0
1.85,0.6,0.2,0.2,0.2,4.226,1.2,2.5356,1
1.85,0.2,0.2,0.2,0.2,2.406,1.2,1.4436,1
1.85,0.6,0.2,0.2,0.2,4.508,0.4,0.9016,0
1.85,0.6,0.2,0.2,0.2,5.786,0.4,1.1572,1
1.85,0.4,0.2,0.2,0.2,3.408,0.4,0.6816,0
1.85,0.6,0.2,0.2,0.2,3.506,0.4,0.7012,0
1.85,0.2,0.2,0.2,0.2,2.018,0.4,0.4036,0
1.85,0.6,0.2,0.2,0.2,4.184,0.4,0.8368,0
1.85,0.6,0.2,0.4,0.2,8.19,0.8,3.276,1
1.85,0.2,0.2,0.2,0.2,1.998,0.8,0.7992,0
1.85,0.2,0.2,0.2,0.2,1.456,0.4,0.2912,0
1.85,0.6,0.2,0.2,0.2,51.046,1.2,30.6276,1
1.85,0.4,0.2,0.2,0.2,2.118,0.4,0.4236,0
1.85,0.2,0.2,0.2,0.2,1.562,0.4,0.3124,0
1.85,0.2,0.2,0.2,0.2,1.584,0.4,0.3168,0
1.85,0.2,0.2,0.2,0.2,2.214,0.4,0.4428,0
1.85,0.4,0.2,0.2,0.2,1.898,0.4,0.3796,0
1.85,0.2,0.2,0.2,0.2,1.8,0.8,0.72,0
1.85,0.2,0.2,0.2,0.2,1.84,0.8,0.736,0
1.85,0.2,0.2,0.2,0.2,2.2,1.2,1.32,1
1.85,0.2,0.2,0.2,0.2,2.42,1.2,1.452,1
1.85,0.2,0.2,0.2,0.2,1.442,0.4,0.2884,0
1.85,0.6,0.2,0.2,0.2,2.776,0.4,0.5552,0
1.85,0.6,0.2,0.2,0.2,3.42,0.4,0.684,0
1.85,0.6,0.2,0.2,0.2,2.912,0.4,0.5824,0
1.85,0.6,0.2,0.2,0.2,9.884,0.4,1.9768,1
2.36,0.4,0.6,0.4,0.6,62.424,4.8,149.8176,1
2.37,0.4,0.6,0.2,0.2,20.396,1.2,12.2376,1
2.37,0.6,0.6,0.2,0.6,74.868,3.6,134.7624,1
2.37,0.2,0.2,0.2,0.2,2.452,1.2,1.4712,1
2.37,0.2,0.2,0.2,0.2,2.338,1.2,1.4028,1
2.34,0.6,0.6,0.2,0.4,56.546,1.6,45.2368,1
2.34,0.2,0.2,0.2,0.2,1.4,0.4,0.28,0
15.56,0.6,0.6,0.2,0.4,255.976,1.6,204.7808,1
15.56,0.6,0.6,0.2,0.2,104.976,1.2,62.9856,1
15.56,0.2,0.6,0.2,0.2,16.582,1.2,9.9492,1
17.68,0.6,0.6,0.2,0.2,58.216,1.2,34.9296,1
21.61,0.6,0.6,0.2,0.2,15.09,0.8,6.036,1
21.61,0.2,0.2,0.2,0.2,2.156,0.4,0.4312,0
21.61,0.2,0.2,0.2,0.2,1.988,0.4,0.3976,0
21.61,0.2,0.2,0.2,0.2,1.684,0.4,0.3368,0
21.61,0.2,0.2,0.2,0.2,1.526,0.4,0.3052,0
21.61,0.2,0.2,0.2,0.2,1.466,0.4,0.2932,0
21.61,0.2,0.2,0.2,0.2,1.488,0.4,0.2976,0
21.61,0.2,0.2,0.2,0.2,1.622,0.4,0.3244,0
21.61,0.2,0.2,0.2,0.2,1.632,0.4,0.3264,0
21.61,0.2,0.2,0.2,0.2,1.784,0.4,0.3568,0
21.61,0.2,0.2,0.2,0.2,1.518,0.4,0.3036,0
21.61,0.6,0.2,0.2,0.2,53.624,1.2,32.1744,1
21.61,0.2,0.2,0.2,0.2,2.01,0.4,0.402,0
21.61,0.2,0.2,0.2,0.2,1.756,0.4,0.3512,0
21.61,0.2,0.2,0.2,0.2,1.546,0.4,0.3092,0
21.61,0.2,0.2,0.2,0.2,1.7,0.4,0.34,0
21.61,0.2,0.2,0.2,0.2,1.656,0.4,0.3312,0
21.61,0.2,0.2,0.2,0.2,1.648,0.4,0.3296,0
21.61,0.2,0.2,0.2,0.2,1.708,0.4,0.3416,0
21.61,0.2,0.2,0.2,0.2,1.494,0.4,0.2988,0
21.61,0.2,0.2,0.2,0.2,1.682,0.4,0.3364,0
21.61,0.2,0.2,0.2,0.2,2.052,0.4,0.4104,0
21.61,0.2,0.2,0.2,0.2,1.464,0.4,0.2928,0
21.61,0.2,0.2,0.2,0.2,1.656,0.4,0.3312,0
21.61,0.2,0.2,0.2,0.2,1.78,0.4,0.356,0
21.61,0.2,0.2,0.2,0.2,1.728,0.4,0.3456,0
21.61,0.2,0.2,0.2,0.2,1.566,0.4,0.3132,0
21.61,0.2,0.2,0.2,0.2,1.4,0.4,0.28,0
21.61,0.2,0.2,0.2,0.2,1.524,0.4,0.3048,0
21.61,0.2,0.2,0.2,0.2,1.686,0.4,0.3372,0
21.61,0.2,0.2,0.2,0.2,1.486,0.4,0.2972,0
21.61,0.2,0.2,0.2,0.2,1.762,0.4,0.3524,0
21.61,0.2,0.2,0.2,0.2,2.004,0.4,0.4008,0
21.61,0.2,0.2,0.2,0.2,1.64,0.4,0.328,0
21.61,0.2,0.2,0.2,0.2,1.638,0.4,0.3276,0
21.61,0.2,0.2,0.2,0.2,1.484,0.4,0.2968,0
21.61,0.2,0.2,0.2,0.2,1.524,0.4,0.3048,0
21.61,0.2,0.2,0.2,0.2,1.522,0.4,0.3044,0
21.61,0.2,0.2,0.2,0.2,1.536,0.4,0.3072,0
21.61,0.2,0.2,0.2,0.2,1.406,0.4,0.2812,0
59.85,0.4,0.6,0.2,0.4,16.57,1.6,13.256,1
59.85,0.2,0.2,0.2,0.2,1.458,0.4,0.2916,0
59.85,0.2,0.2,0.2,0.2,2.06,0.4,0.412,0
59.85,0.2,0.6,0.2,0.2,11.108,0.4,2.2216,1
59.85,0.2,0.2,0.2,0.2,1.688,0.4,0.3376,0
59.85,0.2,0.2,0.2,0.2,1.738,0.4,0.3476,0
59.85,0.2,0.2,0.2,0.2,1.438,0.4,0.2876,0
59.85,0.2,0.2,0.2,0.2,1.54,0.4,0.308,0
59.85,0.2,0.2,0.2,0.2,1.536,0.4,0.3072,0
59.85,0.2,0.2,0.2,0.2,1.586,0.4,0.3172,0
59.85,0.2,0.2,0.2,0.2,1.65,0.4,0.33,0
59.85,0.2,0.2,0.4,0.2,2.04,0.8,0.816,0
59.85,0.2,0.2,0.2,0.2,1.63,0.4,0.326,0
59.85,0.2,0.2,0.2,0.2,1.972,0.4,0.3944,0
59.85,0.2,0.2,0.2,0.2,1.716,0.4,0.3432,0
59.85,0.2,0.2,0.2,0.2,1.878,0.4,0.3756,0
59.85,0.2,0.6,0.2,0.2,7.654,0.4,1.5308,1
59.85,0.2,0.2,0.2,0.2,2.06,0.8,0.824,0
59.85,0.2,0.2,0.2,0.2,1.462,0.4,0.2924,0
59.85,0.2,0.2,0.2,0.2,1.44,0.4,0.288,0
59.85,0.2,0.2,0.2,0.2,1.4,0.4,0.28,0
59.85,0.2,0.2,0.2,0.2,1.522,0.4,0.3044,0
59.85,0.2,0.2,0.2,0.2,1.43,0.4,0.286,0
59.85,0.2,0.2,0.2,0.2,1.496,0.4,0.2992,0
59.85,0.2,0.2,0.2,0.2,1.412,0.4,0.2824,0
59.85,0.2,0.2,0.2,0.2,1.46,0.4,0.292,0
59.85,0.2,0.2,0.2,0.2,1.466,0.4,0.2932,0
59.85,0.2,0.2,0.2,0.2,1.496,0.4,0.2992,0
59.85,0.2,0.2,0.2,0.2,1.99,0.8,0.796,0
59.85,0.2,0.2,0.2,0.2,1.908,0.8,0.7632,0
59.85,0.2,0.2,0.2,0.2,1.884,0.8,0.7536,0
59.85,0.2,0.2,0.2,0.2,1.452,0.4,0.2904,0
59.85,0.2,0.2,0.2,0.2,1.444,0.4,0.2888,0
55.57,0.2,0.2,0.2,0.2,2.746,0.4,0.5492,0
55.57,0.2,0.2,0.2,0.2,2.264,0.4,0.4528,0
55.57,0.6,0.2,0.2,0.2,7.148,0.4,1.4296,1
55.57,0.2,0.2,0.2,0.2,1.608,0.4,0.3216,0
55.57,0.4,0.2,0.2,0.2,6.762,0.8,2.7048,1
55.57,0.2,0.2,0.2,0.2,2.134,0.8,0.8536,0
55.57,0.2,0.6,0.2,0.2,54.43,1.2,32.658,1
55.57,0.6,0.4,0.2,0.2,74.282,1.2,44.5692,1
55.57,0.6,0.6,0.2,0.6,185.008,2.4,222.0096,1
55.57,0.4,0.2,0.2,0.2,2.078,0.4,0.4156,0
55.57,0.2,0.2,0.2,0.2,1.504,0.4,0.3008,0
55.57,0.2,0.2,0.2,0.2,1.578,0.4,0.3156,0
55.57,0.4,0.2,0.2,0.2,2.084,0.4,0.4168,0
55.57,0.2,0.2,0.2,0.2,1.404,0.4,0.2808,0
55.57,0.6,0.4,0.2,0.4,9.23,0.8,3.692,1
55.57,0.2,0.2,0.2,0.2,2.124,0.4,0.4248,0
55.57,0.2,0.2,0.2,0.2,2.218,0.4,0.4436,0
55.57,0.6,0.2,0.2,0.2,6.334,0.4,1.2668,1
55.57,0.4,0.2,0.2,0.2,4.85,0.4,0.97,0
55.57,0.2,0.2,0.2,0.2,1.4,0.4,0.28,0
55.57,0.6,0.2,0.2,0.2,6.174,0.4,1.2348,1
55.57,0.2,0.2,0.2,0.2,1.706,0.4,0.3412,0
55.57,0.2,0.2,0.2,0.2,1.494,0.4,0.2988,0
55.57,0.6,0.2,0.2,0.2,5.71,0.4,1.142,1
55.57,0.4,0.4,0.2,0.2,5.136,0.4,1.0272,1
55.57,0.2,0.2,0.2,0.2,1.612,0.4,0.3224,0
55.57,0.4,0.2,0.2,0.2,4.058,1.2,2.4348,1
55.57,0.2,0.2,0.2,0.2,2.2,1.2,1.32,1
55.57,0.2,0.2,0.2,0.2,2.64412,1.2,1.586472,1
55.57,0.4,0.2,0.2,0.2,3.45,0.4,0.69,0
55.57,0.4,0.2,0.2,0.2,3.144,0.4,0.6288,0
55.57,0.6,0.4,0.2,0.2,7.494,0.4,1.4988,1
55.57,0.2,0.2,0.2,0.2,1.7,0.4,0.34,0
55.57,0.4,0.2,0.2,0.2,4.738,0.4,0.9476,0
55.57,0.4,0.2,0.2,0.2,4.966,0.4,0.9932,0
55.57,0.6,0.4,0.2,0.2,8.396,0.4,1.6792,1
55.57,0.2,0.2,0.2,0.2,1.642,0.4,0.3284,0
55.57,0.4,0.2,0.2,0.2,5.592,0.4,1.1184,1
55.57,0.2,0.2,0.2,0.2,1.568,0.4,0.3136,0
55.57,0.2,0.2,0.2,0.2,1.422,0.4,0.2844,0
55.57,0.2,0.2,0.2,0.2,1.498,0.4,0.2996,0
55.57,0.2,0.2,0.2,0.2,1.482,0.4,0.2964,0
55.57,0.2,0.2,0.2,0.2,1.512,0.4,0.3024,0
55.57,0.2,0.2,0.2,0.2,1.594,0.4,0.3188,0
55.57,0.2,0.2,0.2,0.2,1.5,0.4,0.3,0
55.57,0.2,0.2,0.2,0.2,1.574,0.4,0.3148,0
55.57,0.2,0.2,0.2,0.2,1.406,0.4,0.2812,0
55.57,0.2,0.2,0.2,0.2,1.434,0.4,0.2868,0
55.57,0.2,0.2,0.2,0.2,1.968,0.8,0.7872,0
55.57,0.2,0.2,0.2,0.2,4.366,0.4,0.8732,0
55.57,0.2,0.2,0.2,0.2,2.214,0.8,0.8856,0
55.57,0.2,0.4,0.2,0.2,10.624,0.8,4.2496,1
55.57,0.2,0.2,0.2,0.2,1.8,0.8,0.72,0
55.57,0.2,0.2,0.2,0.2,1.936,0.8,0.7744,0
55.57,0.2,0.2,0.2,0.2,1.998,0.8,0.7992,0
55.57,0.2,0.2,0.2,0.2,1.858,0.8,0.7432,0
55.57,0.4,0.2,0.2,0.2,2.48,0.8,0.992,0
55.57,0.4,0.2,0.2,0.2,3.522,0.8,1.4088,1
55.57,0.2,0.2,0.2,0.2,2.348,1.2,1.4088,1
55.57,0.2,0.2,0.2,0.2,2.046,0.4,0.4092,0
55.57,0.2,0.2,0.2,0.2,1.578,0.4,0.3156,0
55.57,0.2,0.2,0.2,0.2,1.92,0.4,0.384,0
55.57,0.2,0.2,0.2,0.2,1.546,0.4,0.3092,0
55.57,0.2,0.2,0.2,0.2,1.506,0.4,0.3012,0
55.57,0.2,0.2,0.4,0.2,1.864,0.8,0.7456,0
55.57,0.2,0.2,0.2,0.2,1.442,0.4,0.2884,0
55.57,0.4,0.2,0.2,0.2,2.052,0.4,0.4104,0
55.57,0.2,0.2,0.2,0.2,1.56,0.4,0.312,0
55.57,0.2,0.2,0.2,0.2,1.566,0.4,0.3132,0
55.57,0.2,0.2,0.2,0.2,2.038,0.4,0.4076,0
55.57,0.2,0.2,0.2,0.2,1.542,0.4,0.3084,0
55.57,0.2,0.2,0.2,0.2,1.43,0.4,0.286,0
55.57,0.4,0.2,0.2,0.2,1.904,0.4,0.3808,0
55.57,0.2,0.2,0.2,0.2,1.402,0.4,0.2804,0
55.57,0.2,0.2,0.2,0.2,1.418,0.4,0.2836,0
55.57,0.2,0.2,0.2,0.2,1.508,0.4,0.3016,0
55.57,0.2,0.2,0.2,0.2,1.502,0.4,0.3004,0
55.57,0.4,0.2,0.2,0.2,1.84,0.4,0.368,0
55.57,0.4,0.2,0.2,0.2,2.256,0.8,0.9024,0
55.57,0.6,0.2,0.2,0.2,2.78,0.4,0.556,0
55.57,0.4,0.6,0.2,0.2,55.142,0.4,11.0284,1
55.57,0.4,0.2,0.2,0.2,1.996,0.4,0.3992,0
55.57,0.2,0.2,0.2,0.2,1.448,0.4,0.2896,0
55.57,0.2,0.2,0.2,0.2,1.484,0.4,0.2968,0
55.57,0.4,0.2,0.2,0.2,1.86,0.4,0.372,0
55.57,0.4,0.2,0.2,0.2,1.956,0.4,0.3912,0
55.57,0.2,0.2,0.2,0.2,1.414,0.4,0.2828,0
55.57,0.2,0.2,0.2,0.2,1.578,0.4,0.3156,0
55.57,0.2,0.2,0.2,0.2,1.706,0.4,0.3412,0
55.57,0.2,0.2,0.2,0.2,2.096,0.4,0.4192,0
55.57,0.4,0.2,0.2,0.2,1.956,0.4,0.3912,0
55.57,0.2,0.2,0.2,0.2,1.584,0.4,0.3168,0
55.57,0.2,0.2,0.2,0.2,1.45242,0.4,0.290484,0
55.57,0.2,0.2,0.2,0.2,1.556,0.4,0.3112,0
55.57,0.2,0.2,0.2,0.2,1.596,0.4,0.3192,0
55.57,0.2,0.2,0.2,0.2,1.45434,0.4,0.290868,0
55.57,0.2,0.2,0.2,0.2,1.504,0.4,0.3008,0
55.57,0.2,0.2,0.2,0.2,1.69,0.4,0.338,0
55.57,0.2,0.2,0.2,0.2,3.316,0.4,0.6632,0
55.57,0.2,0.2,0.2,0.2,8.408,0.4,1.6816,1
55.57,0.2,0.2,0.2,0.2,1.522,0.4,0.3044,0
55.57,0.2,0.2,0.2,0.2,1.734,0.4,0.3468,0
55.57,0.2,0.2,0.2,0.2,2.114,0.4,0.4228,0
55.57,0.4,0.2,0.2,0.2,1.832,0.4,0.3664,0
55.57,0.2,0.2,0.2,0.2,1.54,0.4,0.308,0
55.57,0.4,0.2,0.2,0.2,1.944,0.4,0.3888,0
55.57,0.2,0.2,0.2,0.2,4.544,0.4,0.9088,0
55.57,0.2,0.2,0.2,0.2,1.498,0.4,0.2996,0
55.57,0.2,0.2,0.2,0.2,1.46626,0.4,0.293252,0
55.57,0.4,0.2,0.2,0.2,2.024,0.4,0.4048,0
55.57,0.2,0.2,0.2,0.2,1.52,0.4,0.304,0
55.57,0.2,0.2,0.2,0.2,1.552,0.4,0.3104,0
55.57,0.2,0.2,0.2,0.2,3.206,0.4,0.6412,0
55.57,0.2,0.2,0.2,0.2,1.568,0.4,0.3136,0
55.57,0.2,0.2,0.2,0.2,1.562,0.4,0.3124,0
55.57,0.2,0.2,0.2,0.2,1.564,0.4,0.3128,0
55.57,0.2,0.2,0.2,0.2,1.46418,0.4,0.292836,0
55.57,0.4,0.2,0.2,0.2,2.93,1.2,1.758,1
55.57,0.2,0.2,0.2,0.2,1.426,0.4,0.2852,0
55.57,0.2,0.2,0.2,0.2,2.514,0.4,0.5028,0
55.57,0.4,0.2,0.2,0.2,1.824,0.4,0.3648,0
55.57,0.2,0.2,0.2,0.2,1.592,0.4,0.3184,0
55.57,0.2,0.2,0.2,0.2,6.58,0.4,1.316,1
55.57,0.4,0.2,0.2,0.2,2.04,0.4,0.408,0
55.57,0.2,0.2,0.2,0.2,1.46046,0.4,0.292092,0
55.57,0.2,0.2,0.2,0.2,1.67,0.4,0.334,0
55.57,0.4,0.2,0.2,0.2,1.876,0.4,0.3752,0
55.57,0.2,0.2,0.2,0.2,1.916,0.4,0.3832,0
55.57,0.2,0.2,0.2,0.2,3.28,0.4,0.656,0
55.57,0.2,0.2,0.2,0.2,1.594,0.4,0.3188,0
55.57,0.2,0.2,0.2,0.2,2.028,0.4,0.4056,0
55.57,0.2,0.2,0.2,0.2,1.44,0.4,0.288,0
55.57,0.4,0.2,0.2,0.2,1.972,0.4,0.3944,0
55.57,0.2,0.2,0.2,0.2,1.4805,0.4,0.2961,0
55.57,0.2,0.2,0.2,0.2,2.05,0.4,0.41,0
55.57,0.2,0.2,0.2,0.2,1.59,0.4,0.318,0
55.57,0.4,0.2,0.2,0.2,1.848,0.4,0.3696,0
55.57,0.4,0.2,0.2,0.2,1.912,0.4,0.3824,0
55.57,0.2,0.2,0.2,0.2,1.864,0.4,0.3728,0
55.57,0.2,0.2,0.2,0.2,1.42,0.4,0.284,0
55.57,0.4,0.6,0.2,0.2,12.118,0.4,2.4236,1
55.57,0.2,0.2,0.2,0.2,1.45034,0.4,0.290068,0
55.57,0.2,0.2,0.2,0.2,1.4623,0.4,0.29246,0
55.57,0.4,0.2,0.2,0.2,1.836,0.4,0.3672,0
55.57,0.4,0.2,0.2,0.2,1.916,0.4,0.3832,0
55.57,0.2,0.2,0.2,0.2,1.576,0.4,0.3152,0
55.57,0.2,0.2,0.2,0.2,1.66,0.4,0.332,0
55.57,0.4,0.2,0.2,0.2,1.828,0.4,0.3656,0
55.57,0.2,0.2,0.2,0.2,3.318,0.4,0.6636,0
55.57,0.2,0.2,0.2,0.2,1.608,0.4,0.3216,0
55.57,0.2,0.2,0.2,0.2,1.698,0.4,0.3396,0
55.57,0.2,0.2,0.2,0.2,2.024,0.4,0.4048,0
55.57,0.2,0.2,0.2,0.2,1.518,0.4,0.3036,0
55.57,0.2,0.2,0.2,0.2,1.404,0.4,0.2808,0
55.57,0.4,0.2,0.2,0.2,4.68,0.4,0.936,0
55.57,0.2,0.2,0.2,0.2,3.38,0.4,0.676,0
55.57,0.2,0.2,0.2,0.2,1.674,0.4,0.3348,0
55.57,0.2,0.2,0.2,0.2,1.622,0.4,0.3244,0
55.57,0.2,0.2,0.2,0.2,1.594,0.4,0.3188,0
55.57,0.2,0.2,0.2,0.2,1.62,0.4,0.324,0
55.57,0.2,0.2,0.2,0.2,1.64,0.4,0.328,0
55.57,0.2,0.2,0.2,0.2,1.568,0.4,0.3136,0
55.57,0.2,0.2,0.2,0.2,1.456,0.4,0.2912,0
55.57,0.2,0.2,0.2,0.2,1.464,0.4,0.2928,0
